{"_type":"export","__export_format":4,"__export_date":"2019-09-30T18:44:00.846Z","__export_source":"insomnia.desktop.app:v6.6.2","resources":[{"_id":"req_d4ddbf5598d14f37801149ef0056050f","authentication":{"disabled":false,"password":"password","type":"basic","username":"user"},"body":{},"created":1569861466803,"description":"","headers":[{"id":"pair_45b927f705334969b2a812a106627f81","name":"Content-Type","value":"application/json"}],"isPrivate":false,"metaSortKey":-1569861466803,"method":"POST","modified":1569868100173,"name":"Calculate","parameters":[],"parentId":"fld_afe4c57b922646869b325e3208dad082","settingDisableRenderRequestBody":false,"settingEncodeUrl":true,"settingRebuildPath":true,"settingSendCookies":true,"settingStoreCookies":true,"url":"localhost:8080/api/calculate/10","_type":"request"},{"_id":"fld_afe4c57b922646869b325e3208dad082","created":1569859960893,"description":"","environment":{},"environmentPropertyOrder":null,"metaSortKey":-1569859960893,"modified":1569860077830,"name":"Localhost","parentId":"wrk_60cca525ea974be6b4bdf39b7dcdd2f4","_type":"request_group"},{"_id":"wrk_60cca525ea974be6b4bdf39b7dcdd2f4","created":1569859945790,"description":"","modified":1569859945790,"name":"Fibonacci","parentId":null,"_type":"workspace"},{"_id":"req_867760840f514a80a748f8edc029a735","authentication":{},"body":{},"created":1569860070423,"description":"","headers":[],"isPrivate":false,"metaSortKey":-1569737937525,"method":"GET","modified":1569860183877,"name":"HealthCheck","parameters":[],"parentId":"fld_afe4c57b922646869b325e3208dad082","settingDisableRenderRequestBody":false,"settingEncodeUrl":true,"settingRebuildPath":true,"settingSendCookies":true,"settingStoreCookies":true,"url":"localhost:8080/actuator/health","_type":"request"},{"_id":"req_c0552badba994c76b7c2b9b0f1de2f2a","authentication":{"disabled":false,"password":"s3cr3t","type":"basic","username":"admin"},"body":{},"created":1569859972900,"description":"","headers":[],"isPrivate":false,"metaSortKey":-1569859972900,"method":"GET","modified":1569868439929,"name":"HealthCheck","parameters":[],"parentId":"fld_bc4cf78ef9424f12b1011bd90c3b02df","settingDisableRenderRequestBody":false,"settingEncodeUrl":true,"settingRebuildPath":true,"settingSendCookies":true,"settingStoreCookies":true,"url":"{{ dev  }}/actuator/info","_type":"request"},{"_id":"fld_bc4cf78ef9424f12b1011bd90c3b02df","created":1569859954541,"description":"","environment":{},"environmentPropertyOrder":null,"metaSortKey":-1569859954541,"modified":1569859954541,"name":"Dev","parentId":"wrk_60cca525ea974be6b4bdf39b7dcdd2f4","_type":"request_group"},{"_id":"req_d64e68e178ea4ff583392c8e9a4966a0","authentication":{"disabled":false,"password":"s3cr3t","type":"basic","username":"admin"},"body":{},"created":1569868416120,"description":"","headers":[],"isPrivate":false,"metaSortKey":-1569859972875,"method":"POST","modified":1569868427809,"name":"Shutdown","parameters":[],"parentId":"fld_bc4cf78ef9424f12b1011bd90c3b02df","settingDisableRenderRequestBody":false,"settingEncodeUrl":true,"settingRebuildPath":true,"settingSendCookies":true,"settingStoreCookies":true,"url":"{{ dev  }}/actuator/shutdown","_type":"request"},{"_id":"req_593718cb2f414fa1b8b32241e9d49488","authentication":{"disabled":false,"password":"s3cr3t","type":"basic","username":"admin"},"body":{},"created":1569861553787,"description":"","headers":[],"isPrivate":false,"metaSortKey":-1569859972850,"method":"POST","modified":1569868451712,"name":"Calculate","parameters":[],"parentId":"fld_bc4cf78ef9424f12b1011bd90c3b02df","settingDisableRenderRequestBody":false,"settingEncodeUrl":true,"settingRebuildPath":true,"settingSendCookies":true,"settingStoreCookies":true,"url":"{{ dev  }}/39","_type":"request"},{"_id":"req_3f286256882f4265950fe15558c3f1ea","authentication":{},"body":{},"created":1569859986478,"description":"","headers":[],"isPrivate":false,"metaSortKey":-1569615902150,"method":"GET","modified":1569860146584,"name":"HealthCheck","parameters":[],"parentId":"fld_a3be5915da8c418d8653f1837fc95fa1","settingDisableRenderRequestBody":false,"settingEncodeUrl":true,"settingRebuildPath":true,"settingSendCookies":true,"settingStoreCookies":true,"url":"{{ prod  }}/","_type":"request"},{"_id":"fld_a3be5915da8c418d8653f1837fc95fa1","created":1569859950261,"description":"","environment":{},"environmentPropertyOrder":null,"metaSortKey":-1569859950261,"modified":1569859950261,"name":"Prod","parentId":"wrk_60cca525ea974be6b4bdf39b7dcdd2f4","_type":"request_group"},{"_id":"req_929c593d19344887984db8b3107bd809","authentication":{},"body":{},"created":1569861492081,"description":"","headers":[],"isPrivate":false,"metaSortKey":-1569493866775,"method":"POST","modified":1569864558340,"name":"Calculate","parameters":[],"parentId":"fld_a3be5915da8c418d8653f1837fc95fa1","settingDisableRenderRequestBody":false,"settingEncodeUrl":true,"settingRebuildPath":true,"settingSendCookies":true,"settingStoreCookies":true,"url":"{{ prod  }}/8","_type":"request"},{"_id":"env_37d04b4256e25505d372a7f00d995c8bab4baeb5","color":null,"created":1569859945818,"data":{"dev":"http://54.80.17.250:8080","prod":"http://54.89.234.158:8080"},"dataPropertyOrder":{"&":["prod","dev"]},"isPrivate":false,"metaSortKey":1569859945818,"modified":1569860154201,"name":"Base Environment","parentId":"wrk_60cca525ea974be6b4bdf39b7dcdd2f4","_type":"environment"},{"_id":"jar_37d04b4256e25505d372a7f00d995c8bab4baeb5","cookies":[{"creation":"2019-09-30T16:38:00.929Z","domain":"localhost","hostOnly":true,"httpOnly":true,"id":"7605497666211629","key":"JSESSIONID","lastAccessed":"2019-09-30T18:30:15.982Z","path":"/","value":"0535B3EEA0F354642F3CB6476BA08550"},{"creation":"2019-09-30T16:39:25.925Z","domain":"54.80.17.250","hostOnly":true,"httpOnly":true,"id":"06948862932078059","key":"JSESSIONID","lastAccessed":"2019-09-30T18:33:29.162Z","path":"/","value":"39ED57AC585A390115B5177F855075C4"}],"created":1569859945829,"modified":1569868409162,"name":"Default Jar","parentId":"wrk_60cca525ea974be6b4bdf39b7dcdd2f4","_type":"cookie_jar"}]}